baseline_name,run_id,seed,precision,recall,detection_rate,f1_score,false_positive_rate,accuracy,tp,fp,fn,tn,avg_detection_latency,avg_evasion_duration,false_quarantine_rate
qtk_baseline,0,2042,0.0,0.0,0.0,0.0,0.0,0.6667,0,0,1,2,20.0,20.0,0.0
qtk_baseline,1,2043,0.0,0.0,0.0,0.0,0.0,0.6667,0,0,1,2,20.0,20.0,0.0
qtk_baseline,2,2044,0.0,0.0,0.0,0.0,0.0,0.6667,0,0,1,2,20.0,20.0,0.0
qtk_baseline,3,2045,0.0,0.0,0.0,0.0,0.0,0.6667,0,0,1,2,20.0,20.0,0.0
qtk_baseline,4,2046,0.0,0.0,0.0,0.0,0.0,0.6667,0,0,1,2,20.0,20.0,0.0
qtk_baseline,5,2047,0.0,0.0,0.0,0.0,0.0,0.6667,0,0,1,2,20.0,20.0,0.0
qtk_baseline,6,2048,0.0,0.0,0.0,0.0,0.0,0.6667,0,0,1,2,20.0,20.0,0.0
qtk_baseline,7,2049,0.0,0.0,0.0,0.0,0.0,0.6667,0,0,1,2,20.0,20.0,0.0
qtk_baseline,8,2050,0.0,0.0,0.0,0.0,0.0,0.6667,0,0,1,2,20.0,20.0,0.0
qtk_baseline,9,2051,0.0,0.0,0.0,0.0,0.0,0.6667,0,0,1,2,20.0,20.0,0.0
qtk_baseline,10,2052,0.0,0.0,0.0,0.0,0.0,0.6667,0,0,1,2,20.0,20.0,0.0
qtk_baseline,11,2053,0.0,0.0,0.0,0.0,0.0,0.6667,0,0,1,2,20.0,20.0,0.0
qtk_baseline,12,2054,0.0,0.0,0.0,0.0,0.0,0.6667,0,0,1,2,20.0,20.0,0.0
qtk_baseline,13,2055,0.0,0.0,0.0,0.0,0.0,0.6667,0,0,1,2,20.0,20.0,0.0
qtk_baseline,14,2056,0.0,0.0,0.0,0.0,0.0,0.6667,0,0,1,2,20.0,20.0,0.0
qtk_baseline,15,2057,0.0,0.0,0.0,0.0,0.0,0.6667,0,0,1,2,20.0,20.0,0.0
qtk_baseline,16,2058,0.0,0.0,0.0,0.0,0.0,0.6667,0,0,1,2,20.0,20.0,0.0
qtk_baseline,17,2059,0.0,0.0,0.0,0.0,0.0,0.6667,0,0,1,2,20.0,20.0,0.0
qtk_baseline,18,2060,0.0,0.0,0.0,0.0,0.0,0.6667,0,0,1,2,20.0,20.0,0.0
qtk_baseline,19,2061,0.0,0.0,0.0,0.0,0.0,0.6667,0,0,1,2,20.0,20.0,0.0
threshold_detector,0,2042,0.5,1.0,1.0,0.6667,0.5,0.6667,1,1,0,1,1.0,1.0,0.5
threshold_detector,1,2043,0.3333,1.0,1.0,0.5,1.0,0.3333,1,2,0,0,6.0,6.0,1.0
threshold_detector,2,2044,0.5,1.0,1.0,0.6667,0.5,0.6667,1,1,0,1,6.0,6.0,0.5
threshold_detector,3,2045,0.3333,1.0,1.0,0.5,1.0,0.3333,1,2,0,0,0.0,0.0,1.0
threshold_detector,4,2046,0.3333,1.0,1.0,0.5,1.0,0.3333,1,2,0,0,3.0,3.0,1.0
threshold_detector,5,2047,0.3333,1.0,1.0,0.5,1.0,0.3333,1,2,0,0,1.0,1.0,1.0
threshold_detector,6,2048,0.3333,1.0,1.0,0.5,1.0,0.3333,1,2,0,0,2.0,2.0,1.0
threshold_detector,7,2049,0.3333,1.0,1.0,0.5,1.0,0.3333,1,2,0,0,3.0,3.0,1.0
threshold_detector,8,2050,0.3333,1.0,1.0,0.5,1.0,0.3333,1,2,0,0,6.0,6.0,1.0
threshold_detector,9,2051,0.3333,1.0,1.0,0.5,1.0,0.3333,1,2,0,0,14.0,14.0,1.0
threshold_detector,10,2052,0.3333,1.0,1.0,0.5,1.0,0.3333,1,2,0,0,4.0,4.0,1.0
threshold_detector,11,2053,0.3333,1.0,1.0,0.5,1.0,0.3333,1,2,0,0,2.0,2.0,1.0
threshold_detector,12,2054,0.5,1.0,1.0,0.6667,0.5,0.6667,1,1,0,1,3.0,3.0,0.5
threshold_detector,13,2055,0.5,1.0,1.0,0.6667,0.5,0.6667,1,1,0,1,2.0,2.0,0.5
threshold_detector,14,2056,0.3333,1.0,1.0,0.5,1.0,0.3333,1,2,0,0,0.0,0.0,1.0
threshold_detector,15,2057,0.3333,1.0,1.0,0.5,1.0,0.3333,1,2,0,0,11.0,11.0,1.0
threshold_detector,16,2058,0.3333,1.0,1.0,0.5,1.0,0.3333,1,2,0,0,0.0,0.0,1.0
threshold_detector,17,2059,0.3333,1.0,1.0,0.5,1.0,0.3333,1,2,0,0,11.0,11.0,1.0
threshold_detector,18,2060,0.3333,1.0,1.0,0.5,1.0,0.3333,1,2,0,0,9.0,9.0,1.0
threshold_detector,19,2061,0.3333,1.0,1.0,0.5,1.0,0.3333,1,2,0,0,20.0,20.0,1.0
hmm_baseline,0,2042,1.0,1.0,1.0,1.0,0.0,1.0,1,0,0,2,0.0,0.0,0.0
hmm_baseline,1,2043,1.0,1.0,1.0,1.0,0.0,1.0,1,0,0,2,0.0,0.0,0.0
hmm_baseline,2,2044,0.5,1.0,1.0,0.6667,0.5,0.6667,1,1,0,1,1.0,1.0,0.5
hmm_baseline,3,2045,1.0,1.0,1.0,1.0,0.0,1.0,1,0,0,2,1.0,1.0,0.0
hmm_baseline,4,2046,1.0,1.0,1.0,1.0,0.0,1.0,1,0,0,2,1.0,1.0,0.0
hmm_baseline,5,2047,1.0,1.0,1.0,1.0,0.0,1.0,1,0,0,2,1.0,1.0,0.0
hmm_baseline,6,2048,1.0,1.0,1.0,1.0,0.0,1.0,1,0,0,2,0.0,0.0,0.0
hmm_baseline,7,2049,1.0,1.0,1.0,1.0,0.0,1.0,1,0,0,2,1.0,1.0,0.0
hmm_baseline,8,2050,0.5,1.0,1.0,0.6667,0.5,0.6667,1,1,0,1,0.0,0.0,0.5
hmm_baseline,9,2051,1.0,1.0,1.0,1.0,0.0,1.0,1,0,0,2,0.0,0.0,0.0
hmm_baseline,10,2052,1.0,1.0,1.0,1.0,0.0,1.0,1,0,0,2,0.0,0.0,0.0
hmm_baseline,11,2053,1.0,1.0,1.0,1.0,0.0,1.0,1,0,0,2,0.0,0.0,0.0
hmm_baseline,12,2054,0.5,1.0,1.0,0.6667,0.5,0.6667,1,1,0,1,0.0,0.0,0.5
hmm_baseline,13,2055,1.0,1.0,1.0,1.0,0.0,1.0,1,0,0,2,0.0,0.0,0.0
hmm_baseline,14,2056,1.0,1.0,1.0,1.0,0.0,1.0,1,0,0,2,2.0,2.0,0.0
hmm_baseline,15,2057,1.0,1.0,1.0,1.0,0.0,1.0,1,0,0,2,0.0,0.0,0.0
hmm_baseline,16,2058,1.0,1.0,1.0,1.0,0.0,1.0,1,0,0,2,2.0,2.0,0.0
hmm_baseline,17,2059,1.0,1.0,1.0,1.0,0.0,1.0,1,0,0,2,0.0,0.0,0.0
hmm_baseline,18,2060,1.0,1.0,1.0,1.0,0.0,1.0,1,0,0,2,4.0,4.0,0.0
hmm_baseline,19,2061,0.5,1.0,1.0,0.6667,0.5,0.6667,1,1,0,1,0.0,0.0,0.5
isolation_forest,0,2042,0.5,1.0,1.0,0.6667,0.5,0.6667,1,1,0,1,0.0,0.0,0.5
isolation_forest,1,2043,0.5,1.0,1.0,0.6667,0.5,0.6667,1,1,0,1,0.0,0.0,0.5
isolation_forest,2,2044,0.5,1.0,1.0,0.6667,0.5,0.6667,1,1,0,1,1.0,1.0,0.5
isolation_forest,3,2045,1.0,1.0,1.0,1.0,0.0,1.0,1,0,0,2,1.0,1.0,0.0
isolation_forest,4,2046,1.0,1.0,1.0,1.0,0.0,1.0,1,0,0,2,1.0,1.0,0.0
isolation_forest,5,2047,0.5,1.0,1.0,0.6667,0.5,0.6667,1,1,0,1,1.0,1.0,0.5
isolation_forest,6,2048,1.0,1.0,1.0,1.0,0.0,1.0,1,0,0,2,0.0,0.0,0.0
isolation_forest,7,2049,1.0,1.0,1.0,1.0,0.0,1.0,1,0,0,2,1.0,1.0,0.0
isolation_forest,8,2050,1.0,1.0,1.0,1.0,0.0,1.0,1,0,0,2,0.0,0.0,0.0
isolation_forest,9,2051,1.0,1.0,1.0,1.0,0.0,1.0,1,0,0,2,0.0,0.0,0.0
isolation_forest,10,2052,0.5,1.0,1.0,0.6667,0.5,0.6667,1,1,0,1,0.0,0.0,0.5
isolation_forest,11,2053,1.0,1.0,1.0,1.0,0.0,1.0,1,0,0,2,0.0,0.0,0.0
isolation_forest,12,2054,1.0,1.0,1.0,1.0,0.0,1.0,1,0,0,2,0.0,0.0,0.0
isolation_forest,13,2055,1.0,1.0,1.0,1.0,0.0,1.0,1,0,0,2,0.0,0.0,0.0
isolation_forest,14,2056,1.0,1.0,1.0,1.0,0.0,1.0,1,0,0,2,2.0,2.0,0.0
isolation_forest,15,2057,1.0,1.0,1.0,1.0,0.0,1.0,1,0,0,2,0.0,0.0,0.0
isolation_forest,16,2058,1.0,1.0,1.0,1.0,0.0,1.0,1,0,0,2,2.0,2.0,0.0
isolation_forest,17,2059,1.0,1.0,1.0,1.0,0.0,1.0,1,0,0,2,0.0,0.0,0.0
isolation_forest,18,2060,1.0,1.0,1.0,1.0,0.0,1.0,1,0,0,2,4.0,4.0,0.0
isolation_forest,19,2061,0.5,1.0,1.0,0.6667,0.5,0.6667,1,1,0,1,0.0,0.0,0.5
lstm_baseline,0,2042,0.5,1.0,1.0,0.6667,0.5,0.6667,1,1,0,1,0.0,0.0,0.5
lstm_baseline,1,2043,0.5,1.0,1.0,0.6667,0.5,0.6667,1,1,0,1,0.0,0.0,0.5
lstm_baseline,2,2044,0.3333,1.0,1.0,0.5,1.0,0.3333,1,2,0,0,1.0,1.0,1.0
lstm_baseline,3,2045,0.3333,1.0,1.0,0.5,1.0,0.3333,1,2,0,0,0.0,0.0,1.0
lstm_baseline,4,2046,0.3333,1.0,1.0,0.5,1.0,0.3333,1,2,0,0,1.0,1.0,1.0
lstm_baseline,5,2047,0.3333,1.0,1.0,0.5,1.0,0.3333,1,2,0,0,1.0,1.0,1.0
lstm_baseline,6,2048,0.3333,1.0,1.0,0.5,1.0,0.3333,1,2,0,0,0.0,0.0,1.0
lstm_baseline,7,2049,0.5,1.0,1.0,0.6667,0.5,0.6667,1,1,0,1,1.0,1.0,0.5
lstm_baseline,8,2050,0.3333,1.0,1.0,0.5,1.0,0.3333,1,2,0,0,0.0,0.0,1.0
lstm_baseline,9,2051,0.3333,1.0,1.0,0.5,1.0,0.3333,1,2,0,0,0.0,0.0,1.0
lstm_baseline,10,2052,0.5,1.0,1.0,0.6667,0.5,0.6667,1,1,0,1,0.0,0.0,0.5
lstm_baseline,11,2053,0.3333,1.0,1.0,0.5,1.0,0.3333,1,2,0,0,0.0,0.0,1.0
lstm_baseline,12,2054,1.0,1.0,1.0,1.0,0.0,1.0,1,0,0,2,0.0,0.0,0.0
lstm_baseline,13,2055,0.5,1.0,1.0,0.6667,0.5,0.6667,1,1,0,1,0.0,0.0,0.5
lstm_baseline,14,2056,0.5,1.0,1.0,0.6667,0.5,0.6667,1,1,0,1,0.0,0.0,0.5
lstm_baseline,15,2057,0.3333,1.0,1.0,0.5,1.0,0.3333,1,2,0,0,0.0,0.0,1.0
lstm_baseline,16,2058,0.5,1.0,1.0,0.6667,0.5,0.6667,1,1,0,1,0.0,0.0,0.5
lstm_baseline,17,2059,0.5,1.0,1.0,0.6667,0.5,0.6667,1,1,0,1,0.0,0.0,0.5
lstm_baseline,18,2060,0.3333,1.0,1.0,0.5,1.0,0.3333,1,2,0,0,4.0,4.0,1.0
lstm_baseline,19,2061,0.3333,1.0,1.0,0.5,1.0,0.3333,1,2,0,0,0.0,0.0,1.0
dual_trigger_qtk,0,2042,1.0,1.0,1.0,1.0,0.0,1.0,1,0,0,2,1.0,1.0,0.0
dual_trigger_qtk,1,2043,1.0,1.0,1.0,1.0,0.0,1.0,1,0,0,2,1.0,1.0,0.0
dual_trigger_qtk,2,2044,1.0,1.0,1.0,1.0,0.0,1.0,1,0,0,2,4.0,4.0,0.0
dual_trigger_qtk,3,2045,1.0,1.0,1.0,1.0,0.0,1.0,1,0,0,2,1.0,1.0,0.0
dual_trigger_qtk,4,2046,1.0,1.0,1.0,1.0,0.0,1.0,1,0,0,2,3.0,3.0,0.0
dual_trigger_qtk,5,2047,1.0,1.0,1.0,1.0,0.0,1.0,1,0,0,2,2.0,2.0,0.0
dual_trigger_qtk,6,2048,1.0,1.0,1.0,1.0,0.0,1.0,1,0,0,2,1.0,1.0,0.0
dual_trigger_qtk,7,2049,1.0,1.0,1.0,1.0,0.0,1.0,1,0,0,2,3.0,3.0,0.0
dual_trigger_qtk,8,2050,1.0,1.0,1.0,1.0,0.0,1.0,1,0,0,2,1.0,1.0,0.0
dual_trigger_qtk,9,2051,1.0,1.0,1.0,1.0,0.0,1.0,1,0,0,2,0.0,0.0,0.0
dual_trigger_qtk,10,2052,1.0,1.0,1.0,1.0,0.0,1.0,1,0,0,2,2.0,2.0,0.0
dual_trigger_qtk,11,2053,1.0,1.0,1.0,1.0,0.0,1.0,1,0,0,2,2.0,2.0,0.0
dual_trigger_qtk,12,2054,0.5,1.0,1.0,0.6667,0.5,0.6667,1,1,0,1,2.0,2.0,0.5
dual_trigger_qtk,13,2055,1.0,1.0,1.0,1.0,0.0,1.0,1,0,0,2,1.0,1.0,0.0
dual_trigger_qtk,14,2056,1.0,1.0,1.0,1.0,0.0,1.0,1,0,0,2,3.0,3.0,0.0
dual_trigger_qtk,15,2057,1.0,1.0,1.0,1.0,0.0,1.0,1,0,0,2,1.0,1.0,0.0
dual_trigger_qtk,16,2058,1.0,1.0,1.0,1.0,0.0,1.0,1,0,0,2,2.0,2.0,0.0
dual_trigger_qtk,17,2059,1.0,1.0,1.0,1.0,0.0,1.0,1,0,0,2,2.0,2.0,0.0
dual_trigger_qtk,18,2060,1.0,1.0,1.0,1.0,0.0,1.0,1,0,0,2,6.0,6.0,0.0
dual_trigger_qtk,19,2061,1.0,1.0,1.0,1.0,0.0,1.0,1,0,0,2,1.0,1.0,0.0
